Concept,label,variable_name,value_constraints,source_file,source_directory,Digest (variable_name|source_file|source_directory)
Identity,What is global identifier of participant?,dht_identity,"Text: May be combination of prefix text, letters, numbers, and separator characters",RADx-DHT-global-code-book.csv,RADx-DHT,f778bd3b8e2506f5d179931fb7606fb99c275c1afe76b04750a53eaada6bb2911776a5aa1d8380badc4ceadd3c984189219c95eaaa04239dae61d5e2499dacdc
Race,What is your race? Mark one or more boxes,dht_race,"""1, American Indian or Alaska Native; 2, Asian; 3, Black or African American; 4, Middle Eastern or North African; 5, Native Hawaiian or Other Pacific Islander; 6, White; 7, Two or more races; 8, Some other race; 98, Don't know; 99, Prefer not to answer;""",RADx-DHT-global-code-book.csv,RADx-DHT,c4ca1b76f2303a31207991716f712e8e40a263393a7aa5a9d0657fb7cd1002c20ae133c10a68a57a90b139a45b10aeb4e6ff9acfa05686e710a5c26d4ae58481
Ethnicity,Are you of Hispanic or Latino origin?,dht_ethnicity_origin,"""0, No, not of Hispanic or Latino origin; 1, Yes, of Hispanic or Latino origin; 98, Don't know; 99, Prefer not to answer;""",RADx-DHT-global-code-book.csv,RADx-DHT,c3d9ee050951a26e126caf347c8f0b82ebc183ef26107f1a7e391cbd852979401f89b7b71d980eba07adc5d3071800fd8d5c30f5428631443c9b1cc447a45585
Age,What is your age?,dht_age,Age in years; de-identification per RADx guideline,RADx-DHT-global-code-book.csv,RADx-DHT,2284535a4e8e6eac7dfa2ee68f2c88464ea526f8a98687f7cd66d337fb2c3e73d74f3eda25fb842c1c128363710e5a46e2f9ebf4e88e92a6456e5bbe244ce622
Sex,What is your biological sex assigned at birth?,dht_sex,"""1, Female; 2, Male; 3, Intersex; 4, None of the above describe me; 99, Prefer not to answer;""",RADx-DHT-global-code-book.csv,RADx-DHT,43dddb92eb44d68e2c5153cc6d8c6f2ea3dd7d460b6cc1c5c1c19ec97d2ad68f0e064c227743329239a3da76630e27893cae5d3ca3bb7313a50f1471abaab7ca
Education Level,How many years of education have you completed?,dht_education,"""1, No formal schooling; 2, Some school, but did not graduate high school; 3, High school diploma or equivalency (e.g., GED); 4, Associate degree (e.g., junior college); 5, Associate Degree (vocational); 6, Some college, but did not graduate college; 7, Bachelor's degree; 8, Master's degree; 9, Doctorate (PhD); 10, Professional doctorate (MD, JD, DDS, etc.); 11, Other; 98, Don't know; 99, Prefer not to state;""",RADx-DHT-global-code-book.csv,RADx-DHT,c1e6c3daf84ffcddbb326cad377184e30178cfe411ef006f5071bc1d3e7a7e1c67b34733cde3baa368eae1f9cd466b038727e852b17b3b1aaf80cbd0a695db78
Domicile,What is your zip code?,dht_domicile,Included per HIPAA de-identification guidelines,RADx-DHT-global-code-book.csv,RADx-DHT,772967bfe98e94ed04f8c5d86f4cd5ae9c795a6ebde059e05ce9bf339cc3d71770598c48cf48121fb7b86ef3215baf8c13391c31a69425e4e884cfdab67772e5
Employment,Are you employed?,dht_employment,"0, Yes - Employed; 2, Employed full time; 3, Employed part-time; 5, Employed in temporary position; 6, No - Not Employed; 7, Only temporarily laid off, sick leave, or maternity leave; 8, Looking for work, unemployed; 9, Student; 10, Keeping house; 11, Retired; 13, Disabled or government support; 97, Other; 98, Don't know; 99, Prefer not to answer",RADx-DHT-global-code-book.csv,RADx-DHT,0eeeab79ed2060c6e06f30ef5a30f87eb16d57c6fac24f8c7f583a3e437d0249d00dd865e90a31568ed25f5833a5b710cd1e4af7296c3456572edaf27e591183
Insurance Status,What insurance do you have?,dht_medical_insurance_short,"""1, No insurance; 2, Private/Personal Insurance; 3, Public Insurance; 98, Don't Know; 99, Prefer not to state""",RADx-DHT-global-code-book.csv,RADx-DHT,859b232a7b311be630b3ffc9c24a1cac44d93c3f7a0210b8f2d65ebca4d21863ec8a8d32e1d4ae8861fbd9d1cb42e9e714d4a6ab722087e6c1a961833bdcebe4
Disability Status,"Do you have a disability, including serious physical or mental conditions, that interfere with your ability to carry out daily activities?",dht_disability,"0,No;1,Yes;98, Don’t know;99, Prefer not to answer",RADx-DHT-global-code-book.csv,RADx-DHT,b3b1ecb8b52a6c4812cf5a37db9353b4e42a887b5dd931e4c38847d1d89114bad931b322ff51cf74101c25d7107522108c4397aafaa34385983ea43154339085
Disability Status,Are you deaf or do you have serious difficulty hearing?,dht_deaf,"0,No;1,Yes;98, Don’t know;99, Prefer not to answer",RADx-DHT-global-code-book.csv,RADx-DHT,15b6d561a4769468d9c5e090a0db9edcd66cfe0fc3e6405f0ca3e9120ad49e5134e1d9fd063e09deee7be4d4b76264f2a84d542223689e37967262ee331ef119
Disability Status,"Are you blind or do you have serious difficulty seeing, even when wearing glasses?",dht_blind,"0,No;1,Yes;98, Don’t know;99, Prefer not to answer",RADx-DHT-global-code-book.csv,RADx-DHT,91ed6f4f6d50fde803212b46e253c5be8d8f19599ac5c89f4fbd278c923c8e50297ba1c69c547b43a8456ffe01bb3343133b6cba9e8e033f9ea58ff738b480c4
Disability Status,"Because of a physical, mental, or emotional condition, do you have serious difficulty concentrating, remembering, or making decisions?",dht_memory,"0,No;1,Yes;98, Don’t know;99, Prefer not to answer",RADx-DHT-global-code-book.csv,RADx-DHT,e7e07c90a4ec1e3e8e9d49d138b59e92e85bfb2ea979245eb22605fa150a41e1757dc41ba2a8ac35acc33271fc3662fb329530a76e699f1f1f335ac2997bdba4
Disability Status,Do you have serious difficulty walking or climbing stairs?,dht_walk_climb,"0,No;1,Yes;98, Don’t know;99, Prefer not to answer",RADx-DHT-global-code-book.csv,RADx-DHT,b037961680e5e4a193953d3692078a7098d06be8e01cd736a985d06af1537a2955bed1d3e93148fa9e700a5c6f1487110afc70c0a14b5f072859017dbbe9816e
Disability Status,Do you have difficulty dressing or bathing?,dht_dress_bathe,"0,No;1,Yes;98, Don’t know;99, Prefer not to answer",RADx-DHT-global-code-book.csv,RADx-DHT,5758c30aa3e2cea0bfc5071a40b4c0ce4fce45803ec0d124d57b0a482c9b00c1967a3989e88a3cc775778963f313e2b7c9112ad21f38e411c7ff7fc9475a8f37
Disability Status,"Because of a physical, mental, or emotional condition, do you have difficulty doing errands alone such as visiting a doctor's office or shopping?",dht_errand,"0,No;1,Yes;98, Don’t know;99, Prefer not to answer",RADx-DHT-global-code-book.csv,RADx-DHT,afbb7edc1302384d0424c5985b688499597ccf078ff9b00f4fc514ba18fa8616df8673e4ea90526e47b0fb921c329bf5276834e4b77f79c17008b4f91d6f48fe
Medical History,Vaping use (Yes or No),dht_vaping,"0,No;1,Yes;98, Don’t know;99, Prefer not to answer",RADx-DHT-global-code-book.csv,RADx-DHT,4b3eaf9b8e407684a090aba5c8c05f5cb1cedd515dbc52becdb0cb0e7e230befb940e19f513127ba64834a23219580dcd7d92ccdd87bac696a58dd0ca81cc0e1
Medical History,Nicotine use (Yes or No),dht_nicotine,"0,No;1,Yes;98, Don’t know;99, Prefer not to answer",RADx-DHT-global-code-book.csv,RADx-DHT,1169fbeeb4c85fb1c20e241e5e1afafff022f6e4f956d36d27428ee755b12e10604e19b6313714ad4e10b7f5ea117ee7c5986da8d59fc8121e07b19cdb7d0d35
Medical History,"Vaping Frequency: Do you now use electronic cigarettes every day, some days, rarely, or not at all?",dht_vaping_frequency,"1, Every Day; 2, Some Days; 3, Rarely; 4, Not at all; 98, Don't know; 99, Prefer not to answer",RADx-DHT-global-code-book.csv,RADx-DHT,cd5bce843755795a055917bc4b09ee0f956a776b8b5b2f69ca96785e1cd9e7a570232b440c5aef2ee96f879ba4e56ed27b3ba9b0c4039e9ac86106f1e7640501
Medical History,Nicotine Frequency: Do you now smoke cigarettes?,dht_cig_smoking_frequency,"1, Every Day; 2, Some Days; 3, Rarely; 4, Not at all; 98, Don't know; 99, Prefer not to answer",RADx-DHT-global-code-book.csv,RADx-DHT,482d6564ec6d03fc239e1ba9b92f5197b89867af523ddfe5c945ff736c8bdbb6899d88344c54bd224169b7b5ab8d49b1ef97b4df939939bf25a0e947b18b1cbc
Medical History,History of Smoking,dht_history_smoking,"0,No;1,Yes;98, Don’t know;99, Prefer not to answer",RADx-DHT-global-code-book.csv,RADx-DHT,117924cf2f3473fbc5e33149be3c7e55e8eecebe9ec34e1c1defae93fef9b375ff3979308215ed2ca2c9e3d36ed308e05cb9aa7915463269590b56b756be3cff
Medical History,Tobacco Use,dht_tobacco,"0, No tobacco use; 1, Current Tobacco user; 2, Former Tobacco User; 98, Don't Know; 99, Prefer not to answer",RADx-DHT-global-code-book.csv,RADx-DHT,34c5e534f4887353399ca46a9c1725218f1d1a15e081bbd29e3ea7ffd368f3c64cdda8c509f40bd28b90e779c84bc60748a70cbffa9e5f59a2b4dc87fc951129
Medical History,Alcohol use (Yes or No),dht_alcohol,"0,No;1,Yes; 98, Don’t know;99, Prefer not to answer",RADx-DHT-global-code-book.csv,RADx-DHT,b991bcb4274523850bf921031ceaa066e9a2c7baa46ec21a577216c1cb1849c6cd0fc07576eadcc5602806576581ac4cf328be15907c9c7c9b565d88d9ba0f32
Medical History,How often did you have a drink containing alcohol ?,dht_alcohol_frequency,"0,Never;1,Monthly Or Less;2,Two To Four Times Per Month;3,Two To Three Times Per Week;4,Four Or More Times Per Week; 98, Don't know; 99, Prefer not to answer",RADx-DHT-global-code-book.csv,RADx-DHT,e26fe517acba3f2c0017c098af2dfc648ae316dbb8fd9f7a99e91309d0468d300b933399b885cb0638ffb8ab53d541d806e667cfd1a0899e217e537b40c636ed
Medical History,Asthma,dht_asthma,"0,No;1,Yes; 98, Don’t know;99, Prefer not to answer",RADx-DHT-global-code-book.csv,RADx-DHT,6aa0e886239387e19cce2326b7dc5b9a579e8e351db2b9f439c07cd5717a6b8c45eec9eb068dfde2b6f17ea0f6fa2f786b0a35e4eafc80f3eeaefedcf1c3f8e2
Medical History,Cancer,dht_cancer,"0,No;1,Yes; 98, Don’t know;99, Prefer not to answer",RADx-DHT-global-code-book.csv,RADx-DHT,ee20a176b3492a1abc5db59aacb37177dda1ce37ecd24d356afb19286dec304917596753618cdb5eb196b23e869998225cf1764391258e7ba0a5f7fba627ac11
Medical History,Cardiovascular disease,dht_cardiovascular_disease,"0,No;1,Yes;98, Don’t know;99, Prefer not to answer",RADx-DHT-global-code-book.csv,RADx-DHT,56f85d14561ed68121b296eb768ee287913d1a5e56b43a785f481a1f7603b7ebbb07e511b836a1dbceb627db346fbdd969fbebdb95db029ac94ce659537bf88c
Medical History,Chronic kidney disease,dht_chronic_kidney_disease,"0,No;1,Yes; 98, Don’t know;99, Prefer not to answer",RADx-DHT-global-code-book.csv,RADx-DHT,3102dbbb078e7abb287fc41875824cd2425bac48cf7f0c4a1bd7dab82ce17e99252fde7c175d327089545433b2a6ab4f4a8cf3d4d7f499c8816e2dd7bc58822d
Medical History,Chronic lung disease,dht_chronic_lung_disease,"0,No;1,Yes; 98, Don’t know;99, Prefer not to answer",RADx-DHT-global-code-book.csv,RADx-DHT,72011872c6070e19a6d8287960908d3a26c8d87c969684be80f24a59f2cffce44adc533beb03805018bf99f341ec860d48352879408bae672cec0461bbc9b7ba
Medical History,Diabetes,dht_diabetes,"0,No;1,Yes;98, Don’t know;99, Prefer not to answer",RADx-DHT-global-code-book.csv,RADx-DHT,00c06d46af728e87b7d498ab0bf0b6b1a4711aceaf006ae4ec97d45d370ab54b5f84933867803f1ab61f7f8cd967088f95a5f5c73b59aef986848be35bbd1ed9
Medical History,Hypertension,dht_hypertension,"0,No;1,Yes;98, Don’t know;99, Prefer not to answer",RADx-DHT-global-code-book.csv,RADx-DHT,9798f3231858b6457a057c924642852dd46175ed161cfd3d0d2d626f8470bb9132e6039e4b8dab2ed552c550a69e3040f059052416c60d8f9ef4b80b1a1bf013
Medical History,Immunosuppressive condition,dht_immunosuppressive_condition,"0,No;1,Yes;98, Don’t know;99, Prefer not to answer",RADx-DHT-global-code-book.csv,RADx-DHT,cdec03f4f62c145e5139abb8ab4150b90ee645632a6ff5d536228c907701ea32f50c058ee338a73c6b382ecb1c4252026ccebc4cf7484354b93db8ab464f99b6
Medical History,mental health disorder,dht_mental_illness,"0,No;1,Yes;98, Don’t know;99, Prefer not to answer",RADx-DHT-global-code-book.csv,RADx-DHT,1d8c21493a88f0071dddf28dd3269f07122aaa0d3ea6edec9ba85f04f9527c94cafc92b1b764c2ed173e0220486e66adc9ebaad371ad9e1f313733ed81af9984
Medical History,Sickle cell disease,dht_sickle_cell_disease,"0,No;1,Yes;98, Don’t know;99, Prefer not to answer",RADx-DHT-global-code-book.csv,RADx-DHT,0247ba39a9611aaf991c2132914c9334182079d21864ba9e88700d711f3e6d8febacf077968e72c6ee28ac47221422b5892f7cf52c7f837fffd606e7beada958
Medical History,Pregnancy status,dht_pregnant,"0, Not Pregnant;1, Pregnant;98, Don't know; 99, Prefer not to answer",RADx-DHT-global-code-book.csv,RADx-DHT,cdfb781198e59f20232a75bb21f4670482354b1340229d7fab157686fb0775caeb8c22f41c04cbb3ac0657582c3dd206f72fee4b286546bed4609cb553e34331
Medical History,Immunocompromised,dht_immuno_compromised,"0,No;1,Yes;98, Don’t know;99, Prefer not to answer",RADx-DHT-global-code-book.csv,RADx-DHT,d9f1d45286854fb368a9c0fe3029109247ec1e93bc7a2ba7c749ef6977611676178c62a9036cc16f63a43cd382fee55e15a169270b574882f0dec10575a7db98
Medical History,Autoimmune disease,dht_autoimmune,"0,No;1,Yes;98, Don’t know;99, Prefer not to answer",RADx-DHT-global-code-book.csv,RADx-DHT,c6dba6c0d16f9a09e58b1493c6bfe78e38f84dff611927f9b378dc41e483ca24dd979a8d45f61def3b13f5fb56d87d17d30f2f24f3575607aa78ed0a075f4180
Medical History,Chronic obstructive pulmonary disease (COPD),dht_copd,"0,No;1,Yes;98, Don’t know;99, Prefer not to answer",RADx-DHT-global-code-book.csv,RADx-DHT,c3df44c682ce559a81eab48458d11af831e28b586ee8d02d2164422b21d8411116de7fa56f55b65a414dac90094b1e572bd6cbbe34b4f0e7e3411dfb312c1f2f
Medical History,Depression,dht_depression,"0,No;1,Yes;98, Don’t know;99, Prefer not to answer",RADx-DHT-global-code-book.csv,RADx-DHT,8dcb113e0ca24de0f3f8d75fbc380116519cd5a3f4e5bd9a35aba9649e063cd287fd2c038af0a79b5bcdcda18f86cc8e96cebb49beccaa3dc21716f6597661ee
Medical History,Alcohol or substance use disorder,dht_alc_sub_abuse,"0,No;1,Yes;98, Don’t know;99, Prefer not to answer",RADx-DHT-global-code-book.csv,RADx-DHT,92769f841c56e988ca97848cacb85fc9d72b3e5d049dbc996817cb56ac5740793428effb99dcca7a5a7b6d251f16eb98f3964baa8c663429c6b486fc5cc2ac4f
Medical History,Intravenous drug use,dht_iv_drug_use,"0,No;1,Yes;98, Don’t know;99, Prefer not to answer",RADx-DHT-global-code-book.csv,RADx-DHT,d3ad73dcc0390c43ad4afd1a6e5a13ce2afce3a5322fc39bbce0ea7f32bd5bbe306202367f507a4f4d57b4e446cc6e9150047e768e0fa138bddf2274c7d9bfb0
Medical History,Other mental health disorder,dht_other_mental_health_disorder,"0,No;1,Yes;98, Don’t know;99, Prefer not to answer",RADx-DHT-global-code-book.csv,RADx-DHT,4cc9aa915a1c15794e7bb46806fd698a27157a8a0f8649675b267065dd467327604e33a9636d7c8ef77e6d100c14d5161574cf670a9407243d2703bc6edce449
Medical History,Other chronic condition,dht_other_chronic_cond,"0,No;1,Yes;98, Don’t know;99, Prefer not to answer",RADx-DHT-global-code-book.csv,RADx-DHT,7fd419b011942d21734d8ff3c413b164c9aa08740db3302e22c966b81f598ce8253aa6715de6c2cc57b23ea387d4a8c851b8ee633a5f9b24c25d34a06365dc22
Medical History,Coronary artery disease,dht_coronary_artery_disease,"0,No;1,Yes;98, Don’t know;99, Prefer not to answer",RADx-DHT-global-code-book.csv,RADx-DHT,0ca23a6ad98a6a94231c4326f443ae5bc4e7f40c32f86c9272a627a91186b0decff123cc7cbcf300183cabcf8dc4c588d2ef0cd97b563127cf9a074c0f0e5ef2
Medical History,heart attack (myocardial infarction)?,dht_heart_attack,"0,No;1,Yes; 98, Don’t know;99, Prefer not to answer",RADx-DHT-global-code-book.csv,RADx-DHT,86c9dcf3a9fa07ccd46fae35c994d5d259c34cc14fd89e5f72f056ad627349bff871cb288a9e40260ada99db3a8d99f69d7eb8a2cfd3b4914feb70d742cb4460
Medical History,Congestive Heart failure,dht_chf,"0,No;1,Yes;98, Don’t know;99, Prefer not to answer",RADx-DHT-global-code-book.csv,RADx-DHT,451242781acdb368f5fc265aa58c9ffa2cd6937acbb16c19f689cd492297f6c34e6de5188eefedc7e761b8df113a19a630150f05ce5447f2755de02b9256892a
Medical History,Stroke or TIA (Transient Ischemic Attack or Mini-Stroke)?,dht_stroke,"0,No;1,Yes;98, Don’t know;99, Prefer not to answer",RADx-DHT-global-code-book.csv,RADx-DHT,4afbd9bd22ee068a279c609c9d49f616b5cd7b42d4deb34fd36ea0170bbc26d83fa202f6e5a4369fae9759e240b19e513ff306ff0c0e27a68fd1b959a35a7026
Medical History,Immunodeficiency (NOT including HIV)?,dht_immunodeficiency,"0,No;1,Yes;98, Don’t know;99, Prefer not to answer",RADx-DHT-global-code-book.csv,RADx-DHT,9ca5abef9a3af70e404059fdc47f0b384c311f05fae7ab48ce4ac0dff6e2ae8cd2fade61a31b7c3fa6c011ddfcfc69f1a87ee88d7fa4fb0dc631079419d8bd98
Medical History,Chronic HIV infection?,dht_hiv,"0,No;1,Yes;98, Don’t know;99, Prefer not to answer",RADx-DHT-global-code-book.csv,RADx-DHT,1aee3ce900c716bd21f0ab45192fb48d7c9a60163a4d699cf13e23411074dfead974c080b414b79a85590145fb2d136afd16f8c139e8e476b881b3cc73a23d69
Medical History,Anemia or other blood disorder (do not include leukemia or lymphoma)?,dht_anemia,"0,No;1,Yes;98, Don’t know;99, Prefer not to answer",RADx-DHT-global-code-book.csv,RADx-DHT,34fe6f6b8f59cb04e8c4abc703eb4bd5c780ec4490869954cdfeeb7bceb96c94b30a05b2a65a754488898313c8095c04bafc69571549ee3c2b0b6894abe469ee
Medical History,Chronic Heart Disease,dht_chd,"0,No;1,Yes;98, Don’t know;99, Prefer not to answer",RADx-DHT-global-code-book.csv,RADx-DHT,cd9344fb4a16c90b851f7aaa122008fe8420331d60f378e34157257c1ac9b9f543cf26b0894aa446c3ef671f5842b314aa9c482250505b6aa1a5b2a9bfc127f3
Medical History,"Chronic obstructive pulmonary disease (COPD) including emphysema, chronic bronchitis, obstructive pulmonary disease?",dht_copd_opd,"0,No;1,Yes;98, Don’t know;99, Prefer not to answer",RADx-DHT-global-code-book.csv,RADx-DHT,62871acd45c2dddae11fab7aab349855ff15e3e65196a50d711306a5eb07dbc14788318d3cd0c245f98814b17fc8b05733d8a03f6b1fac3d6075e041d1a16b24
Medical History,Alzheimers,dht_alz,"0,No;1,Yes;98, Don’t know;99, Prefer not to answer",RADx-DHT-global-code-book.csv,RADx-DHT,4a293d9424231292a67b601bdb8e4da5ab9cfd546c25c7804cf1d935cb2dd3d94f066b58ed6e9bfbd5888242c8a18c9e4ff8d42a15faee4a31ee59fdb78d466c
Medical History,Anxiety,dht_anxiety,"0,No;1,Yes;98, Don’t know;99, Prefer not to answer",RADx-DHT-global-code-book.csv,RADx-DHT,26edfb380774b1dd9ab65b8f128ff458da7b72944378c94a521f6a64691a44c120476c059587953739f1cade1a4391579492fab18fdda510b4d74f8551ea69a7
Medical History,Arrhythmia,dht_arrhythmia,"0,No;1,Yes;98, Don’t know;99, Prefer not to answer",RADx-DHT-global-code-book.csv,RADx-DHT,c17dd17f73b87b187c4b0c5c6f8ab12d471417c2b62448788ec9a0abd90129df5664cf9a9b77ee110121cd02bd407091dadd677fde4f1c8d27026b7b659164e8
Medical History,Arthritis,dht_arthritis,"0,No;1,Yes;98, Don’t know;99, Prefer not to answer",RADx-DHT-global-code-book.csv,RADx-DHT,fb080192dc803a7ed236dde19b38eeba913f707eee3cb8eff99001125a7e1fa73625ac98060de6c764badb1a61e7a8f4a5a72d21a83c7e37675bc1a249523d05
Medical History,Atrial Fibrillation,dht_af,"0,No;1,Yes;98, Don’t know;99, Prefer not to answer",RADx-DHT-global-code-book.csv,RADx-DHT,6ab91c27a372393019884bffb799e4736092d9ae969fad7d209d72baed8f85c9ba86dca4e6ff2c5e79f16a5f32c6546ea70d3e17c485c5e8f3f96c7b66f3dd23
Medical History,Chronic Pain,dht_chronic_pain,"0,No;1,Yes;98, Don’t know;99, Prefer not to answer",RADx-DHT-global-code-book.csv,RADx-DHT,a5c47dbd01775a1d57f6b1485999c1198a8acf11d9eb7cfe9332b6b8a59214cf400f36af3842aeaa213717e7d03da1f5173dcff824f1dd8ec6d269676649940e
Medical History,Fibromyalgia,dht_fibromyalgia,"0,No;1,Yes;98, Don’t know;99, Prefer not to answer",RADx-DHT-global-code-book.csv,RADx-DHT,61826470e13a3643dda9d9eb135a8b426e58156bfbdce641ea70813276b760c00bc7ea7cbb56d79bd0e405592094a86f8492f1ca3da5a18600f44ace8024f695
Medical History,Gastroesophageal reflux disease,dht_gerd,"0,No;1,Yes;98, Don’t know;99, Prefer not to answer",RADx-DHT-global-code-book.csv,RADx-DHT,ce229fa5bd6d83a09cf1905a76b432824cdda820cef22901acb6a3cc943be0c504c757217aa606ff68a795b05dffa74c619403c3808cff27481068dc781d6945
Medical History,Gestational Diabetes,dht_gestational_diabetes,"0,No;1,Yes;98, Don’t know;99, Prefer not to answer",RADx-DHT-global-code-book.csv,RADx-DHT,b89f870f4105942d7999e15f2c35c9bff2fab50b01c823f1b785a9b0fcbb864c176c5e4c84f9056b224f67a17b53766155e01420f61c574f00798772c61e96a4
Medical History,High Cholesterol,dht_cholesterol,"0,No;1,Yes;98, Don’t know;99, Prefer not to answer",RADx-DHT-global-code-book.csv,RADx-DHT,3e60c1b490ae71b3408144b27b2ba23ec5c55039f1b8a9e6f739f22c7bca3c81e4a4599082f3875269c1e2d6c1603bb146777829fb54d732bff4a6993c79ec62
Medical History,Hypo/Hyper Thyroidism,dht_thyroid,"0,No;1,Yes;98, Don’t know;99, Prefer not to answer",RADx-DHT-global-code-book.csv,RADx-DHT,80a761da3662b596c438c981256d7f95b21f1de870bb0089dc28cd8b27ccbc7026d5b39f0cd291fba0f766bb4a207c290492e6697518c4b52903ccd772a7030c
Medical History,immunocompromised from solid organ transplant,dht_immuno_compromised_solid_organ,"0,No;1,Yes;98, Don’t know;99, Prefer not to answer",RADx-DHT-global-code-book.csv,RADx-DHT,c46597bbc425fb7b0ba202ef6f60608b4364ee0026e0717d52bb9a33a17fa44ef4887bf0449ec7d54d177704acc58dad95727e3c940a2b7ebbbff47c02501166
Medical History,Inflammatory Bowel Disease,dht_ibd,"0,No;1,Yes;98, Don’t know;99, Prefer not to answer",RADx-DHT-global-code-book.csv,RADx-DHT,d2a797f495beb5a24a9b0fdfb75930c6301da5b47f6e452bff46b5e8a1aecc7b4151e85b96b125450fd65fc175ade11474ab99858232cb45e53cd4d5e57cf0cc
Medical History,Insomnia,dht_insomnia,"0,No;1,Yes;98, Don’t know;99, Prefer not to answer",RADx-DHT-global-code-book.csv,RADx-DHT,285f9fa1e9ca4ded2bd2c9111e134d5e5239f14c67ecb7754d543b05ed285ecd3a40b9108a7ad1cb6a524f861013539d0c38d1f77429071990d5750466fffe0e
Medical History,Irritable bowel syndrome,dht_ibs,"0,No;1,Yes;98, Don’t know;99, Prefer not to answer",RADx-DHT-global-code-book.csv,RADx-DHT,bf597790722f916d2983e71c73bf8be388cefaf9cdb461cf045c7e1e0f18a95b49b5249790f481631eee96a158e54da55607cb1d2843811a3ece5b695d7a728c
Medical History,"Liver disease (cirrhosis, hepB, hepC)",dht_liver_disease,"0,No;1,Yes;98, Don’t know;99, Prefer not to answer",RADx-DHT-global-code-book.csv,RADx-DHT,20ac29fc20bf68d92a3ba12a9ccb8bd73ec4c81507d64a7791f88e1259232636fe2c7fbc7c70d73827b63a9aa4c034946dcb63ac0351b5dbea1d853f52919c61
Medical History,Lupus,dht_lupus,"0,No;1,Yes;98, Don’t know;99, Prefer not to answer",RADx-DHT-global-code-book.csv,RADx-DHT,a1d8e66f27ea921ad32d3093f64e8c79b37a80285ec381130582766854f230b696fa20e6207ea0c0ccc6cc09bc9ea3426bc099aaedf08f34276ea9f1a31819b2
Medical History,Migraines,dht_migraines,"0,No;1,Yes;98, Don’t know;99, Prefer not to answer",RADx-DHT-global-code-book.csv,RADx-DHT,bb47314ec6f57d5da44eeac6eefed86cd6e9479c874d1c20d8675b9a46072a301018d9891973642e306310abe80bcecae929ea5f0faa6f59f34666322d2a47a9
Medical History,Multiple Sclerosis,dht_ms,"0,No;1,Yes;98, Don’t know;99, Prefer not to answer",RADx-DHT-global-code-book.csv,RADx-DHT,a2f86fab07ed2e4467bd60a7a004e22e7bb6f60ccc642f78f385b41711bedc4fd8e7465f488d9827d4971500fa78a4bb4225982df9862ca3795c75ea84d40de9
Medical History,Neurodegenerative disease,dht_neurodegenerative,"0, No; 1:Yes; 98:Don't know; 99, Prefer not to answer",RADx-DHT-global-code-book.csv,RADx-DHT,b6338bbaf6f50e266bf609f2596dbd1c88df06b667d2ab7a9f39e2e5a7aca36c5d67bb59a56aae524af0fbcad99d34006be20d992caf7ebefcf74357ece4d065
Medical History,Neurological Condition,dht_neurological_condition,"0,No;1,Yes;98, Don’t know;99, Prefer not to answer",RADx-DHT-global-code-book.csv,RADx-DHT,d1098b0e9c8b07cd4e9461b6f37e6127668c531121b7a3489b55e8088fb376e7f415dea43b9e5597ffbfec91d3496a0e213683b60e9439b7b19e9a16014a33f8
Medical History,No chronic condition,dht_no_chronic_condition,"0,No;1,Yes;98, Don’t know;99, Prefer not to answer",RADx-DHT-global-code-book.csv,RADx-DHT,08829e9fb21a38f7cae22aefee40f16b0b14d2ad0a179d0e467555a32c741268fd5c8c23841b1b3f861ffd8607476e0112bdedf17c923acf79f771e586ce380d
Medical History,Obesity (BMI >= 30),dht_obesity,"0,No;1,Yes;98, Don’t know;99, Prefer not to answer",RADx-DHT-global-code-book.csv,RADx-DHT,5aba97594eb9678b6e4bcae1805af1ced4348d84d5837bb3107028953cb488f68f9d69e5f638f50e561081d1a069097e2e23ca2dccd2fae960da528810cedf2b
Medical History,Osteoporosis,dht_osteoporosis,"0,No;1,Yes;98, Don’t know;99, Prefer not to answer",RADx-DHT-global-code-book.csv,RADx-DHT,4ffa22b70815bb36ee5f629db368a5d1df16b10383b1ccfeaf90c28d7bf172f77313fca7bcfa028aa6b18459aea39640bd9e30068f381f54c005db762ab5a861
Medical History,Polycystic ovary syndrome,dht_pcos,"0,No;1,Yes;98, Don’t know;99, Prefer not to answer",RADx-DHT-global-code-book.csv,RADx-DHT,0ede1a39a0bb906e505c88874d07b2e142b08f6b9edff1ea714803f91702d4a2553fa01c0f61bde23c1fc8f6cae0eb4fc4f655b67b97af6171810c7c15948971
Medical History,Psoriasis,dht_psoriasis,"0,No;1,Yes;98, Don’t know;99, Prefer not to answer",RADx-DHT-global-code-book.csv,RADx-DHT,26aac8de82a434e74a0b5144dff2e3bba05194c8bd06b5972358e3a4963ae75d742a48b6fefa01c86449a214acc8141e6f6fdf67a2c0623765358a9179725a4f
Medical History,Renal disease,dht_renal,"0,No;1,Yes;98, Don’t know;99, Prefer not to answer",RADx-DHT-global-code-book.csv,RADx-DHT,8d27691b3476dc15f1f36c1ed125abd996185ac46ea52655814aa0bd0e5a90c0c392c34f1287afb812bdc72561a21e7cfdf314d2f0d3ba3ab44dcc836657ccfc
Medical History,Restless leg,dht_rls,"0,No;1,Yes;98, Don’t know;99, Prefer not to answer",RADx-DHT-global-code-book.csv,RADx-DHT,818152149ec1307429559c66568d02622811fc7deebc8692c60ca24f8779cf8e75f7cf4d4fe39013f21cd89296aab82b62d13db6fb02f9757497732130c2dc1f
Medical History,Rheumatoid Arthritis,dht_ra,"0,No;1,Yes;98, Don’t know;99, Prefer not to answer",RADx-DHT-global-code-book.csv,RADx-DHT,cd10833853dc05384773ae0e61dab3a96c959f6636d71703901a69966c45b28f48ba93294a07e2d4fd7e735284cb5692e9cd79760c5c7c98c94f566ba5b3978d
Medical History,Seasonal Allergies,dht_seasonal_allergies,"0,No;1,Yes;98, Don’t know;99, Prefer not to answer",RADx-DHT-global-code-book.csv,RADx-DHT,157aefa984280991635aa4a3eb40efe77efc9e62ea6ce10cb7da8cfe3feb72ea60702be54fb8e3dbd98034bf657d840a506f41dac36316fd9e5e56a48b640ef6
Medical History,"Serious heart condition (heart failure, CAD, cardiomyopathies)",dht_heart_condition,"0,No;1,Yes;98, Don’t know;99, Prefer not to answer",RADx-DHT-global-code-book.csv,RADx-DHT,da66037935a849a5c211980ab087901eca9b0bda968b9edcaed386710d402d87b81153e0c95bfefc6517c8157d2a13297bbe030231cfbb9e5b96a7f8a3f90694
Medical History,Sleep Apnea,dht_sleep_apnea,"0,No;1,Yes;98, Don’t know;99, Prefer not to answer",RADx-DHT-global-code-book.csv,RADx-DHT,84b05491ecae48993f569064dc04465449be26425fd102720bfcfa174ed6d661d127870a3c3b7daaaa7ed69285490c5960856229220601ac16e51fc3be4b6689
Medical History,Substance use,dht_substance_use,"0,No;1,Yes;98, Don’t know;99, Prefer not to answer",RADx-DHT-global-code-book.csv,RADx-DHT,4286753ac8529d1d23ee6fb73a91b6a1a56e0e2175e3637a3c8ff37ae749f46024cbc6457416a4a36b2784e95813d6cc696bf00d5624d89842d3774e14620f37
Medical History,Thalassemia,dht_thalassemia,"0,No;1,Yes;98, Don’t know;99, Prefer not to answer",RADx-DHT-global-code-book.csv,RADx-DHT,bddc48bd72e1158925187c27f6a365b14852ba7fe53594a1943783bd18465da2b054268df65d89ed69c1499db705adf0fd7d297a5cfde2d255044f23a8a0be1c
Medical History,Type 1 Diabetes,dht_t1d,"0,No;1,Yes;98, Don’t know;99, Prefer not to answer",RADx-DHT-global-code-book.csv,RADx-DHT,6271ceb909c41c60ca9bdab4d3b21317777daea252cf10805fd71704ee545fb1a519316c63790b89f529de68d633088f6b6ca29c75ae499c0e8dfc0ba80b24c8
Medical History,Type 2 Diabetes,dht_t2dm,"0,No;1,Yes;98, Don’t know;99, Prefer not to answer",RADx-DHT-global-code-book.csv,RADx-DHT,c6238c7a8ec371eba58d939e9b3cdde0126c43c09f839f2f810cd3de0f66a4d279524e6549818983c6921c932879b5cab149fbad55fbc2dfb42a384729fdadf3
Symptoms,Cough,dht_cough,"0,No;1,Yes;98, Don’t know;99, Prefer not to answer",RADx-DHT-global-code-book.csv,RADx-DHT,2746ac620be167524434301893dd04b864c8c4b952f7dc57409c1b6e5c066407568bf3a3887fe360c7b2e7c7b8486af1ba2240785fab3fac9683b9803ab2f4d0
Symptoms,"Fever, feeling hot/feverish, or having chills",dht_fever_chills,"0,No;1,Yes;98, Don’t know;99, Prefer not to answer",RADx-DHT-global-code-book.csv,RADx-DHT,37027cd9c3db26da8c783aeaa3de53f07a7b3f76d7c863bac2a4d31cfcf92e854fa92d6ec4495a7bebd10b805c456c95cb727d03c7b8a8edd3d971c11bc009eb
Symptoms,Shortness of breath or difficulty breathing,dht_diff_breath,"0,No;1,Yes;98, Don’t know;99, Prefer not to answer",RADx-DHT-global-code-book.csv,RADx-DHT,586afe15efb3bf71ada04189fd4f365391493c01112d939f1d0a0ad48da5693c7250f83d10376cf592bf9fd60af6de4776efcab6519361c3e8d7430e0c20aa24
Symptoms,Headache,dht_headache,"0,No;1,Yes;98, Don’t know;99, Prefer not to answer",RADx-DHT-global-code-book.csv,RADx-DHT,c8961526aa5e27d02f70afa70193c32c2f29c5bf586d03787d3070077149622c97c67bc6f4d19603c02a5e069da3471aae5092950e079354178e9d93cbca3eac
Symptoms,"Muscle, body, or joint aches (not due to exercise)",dht_body_pain,"0,No;1,Yes;98, Don’t know;99, Prefer not to answer",RADx-DHT-global-code-book.csv,RADx-DHT,bd92a6c756567e80d0cc3a0dac1504a6c6556b98b1c63ead069ed24b85b77ca6619fc50b148a3fcb2abb936c96fa054166c991d69fce2eb9c37d1bdc2c9e6cb6
Symptoms,New loss of taste or smell,dht_olfactory,"0,No;1,Yes;98, Don’t know;99, Prefer not to answer",RADx-DHT-global-code-book.csv,RADx-DHT,e3e13c9fd9c285824628818965bf4385c1d308bd89528834ee0383d0f2c8bc28764482f73feaf1e3d747db60c7a99f860c1544123bfbf3b240c6bc51dcbbf4f0
Symptoms,Fatigue (more than normal),dht_fatigue,"0,No;1,Yes;98, Don’t know;99, Prefer not to answer",RADx-DHT-global-code-book.csv,RADx-DHT,25efdb316881977e46228110617681874611e6ff7b4365f811ce8b4e67d6fe801ad3c9f1e9f0eb09cd47312ca4d9a45312cf3dc1fa31145797d13119dd93cf94
Symptoms,"Nausea, vomiting, or diarrhea",dht_nausea_vomiting_diarrhea,"0,No;1,Yes;98, Don’t know;99, Prefer not to answer",RADx-DHT-global-code-book.csv,RADx-DHT,c2a76965c5a82edc9cc7cb6ef1d2ae8dbc4177e8e9b8d838c7380fd611f4a514f17866be60cd171fe5b0dfeb8598271b6c323728267d4c9b0598d069217eb06a
Symptoms,Stomach or abdominal pain,dht_abdom_pain,"0,No;1,Yes;98, Don’t know;99, Prefer not to answer",RADx-DHT-global-code-book.csv,RADx-DHT,3b167222083b4fdf2fae752f2c03b508f1308160e05d529e2206f9424990e77286bb703fd6aacb7aa2ecf4baecec0874444b4cd9b465c2a339493d61a3717c1a
Symptoms,Skin rash,dht_skin_rash,"0,No;1,Yes;98, Don’t know;99, Prefer not to answer",RADx-DHT-global-code-book.csv,RADx-DHT,41f639b17e08e1a86900f79aec67d6bda081cc19e297c7adceca4568cd1d45aa0352bc7140e8617037c8c8c8d0ffec14c131672784782e9426c90de193cd69e0
Symptoms,Pink eye or conjunctivitis,dht_conjunctivitis,"0,No;1,Yes;98, Don’t know;99, Prefer not to answer",RADx-DHT-global-code-book.csv,RADx-DHT,fb0a675b2e1bb9c6517a21642209b845c4d015bd7e599c4f0d684e1145e06adaeca1e1c76b1c86a7e0a21772d4a00be18ea3f620207d11b38b8ada476e5eaa5d
Symptoms,"Congestion, runny nose, sore throat",dht_congestion_sorethroat_runnynose,"0,No;1,Yes;98, Don’t know;99, Prefer not to answer",RADx-DHT-global-code-book.csv,RADx-DHT,2defe12750d537a17103f80dce73512c1e02592e03dfdd0120d7a3ca9e0d68eb77c67d9650acad729f86a0e6a24cd63b8f06d9c367e0cd62eb363429fa3cacb5
Symptoms,Red or painful eyes,dht_red_eyes,"0,No;1,Yes;98, Don’t know;99, Prefer not to answer",RADx-DHT-global-code-book.csv,RADx-DHT,c6a87aa11fefde77658f29bb569f7108830270a5e61b29c1f811262ddd261b84edd521f61e420bb21573d39627fb1eaa7a2392db6e33234fb3ac7b21a6319d01
Symptoms,A temperature greater than 100.4°F,dht_high_temp,"0,No;1,Yes;98, Don’t know;99, Prefer not to answer",RADx-DHT-global-code-book.csv,RADx-DHT,fcadd0905cfb54caddd478a97d33fb41d42176319e967eb69ddad31d4175d559a235d8537a20bbe27d941bceb959231f8af97604808ac3e6851332fc7d535b91
Symptoms,Other,dht_other_symp,"0,No;1,Yes;98, Don’t know;99, Prefer not to answer",RADx-DHT-global-code-book.csv,RADx-DHT,4821b66a1f3e87924078a78037d8bc6384f9ebdba01ee3afae464c88287ab5e98b0d7b9ef358484f385f14384ba3270fd3aca548f2c612dc0f8b2ebd5c1ecead
Symptoms,None of the above,dht_no_symp,"0,No;1,Yes;98, Don’t know;99, Prefer not to answer",RADx-DHT-global-code-book.csv,RADx-DHT,e14f23d05d997039c2b1fffc2af777db3a22aa1ace6c0492f530ce9e227451a2661a25df1f43254c7b51fa5fab55d7b079253021b0b9e0a2d4b92a6d02146e8a
Symptoms,Wheezing,dht_wheezing,"0,No;1,Yes;98, Don’t know;99, Prefer not to answer",RADx-DHT-global-code-book.csv,RADx-DHT,8bede10df9b5c283a7a231f0de151db1a77885957f9f0cd1bda60020080721c1be4607a3dd60b9c5b3da3a297704508ee3b544a519154c05e00ce24603f230a0
Symptoms,Bluish lips or face,dht_blue_lips,"0,No;1,Yes;98, Don’t know;99, Prefer not to answer",RADx-DHT-global-code-book.csv,RADx-DHT,6352364e7c1607ec119e65ab6eaa63cb1866341c9392ff7221ef4b39f64b9fc1ec2b510ab3a6e2cc2c185d11fa7f3f5ef4636eba04a53696259f15c4cc407b6f
Symptoms,Loss of balance,dht_balance,"0,No;1,Yes;98, Don’t know;99, Prefer not to answer",RADx-DHT-global-code-book.csv,RADx-DHT,5ca803881ff01907372e4e9987938e6f0f8de33beacce206e4cd0fb44848369f2b551114e016b6c92ece3ed9809a37c10b52ab511b30539829d4a45a9c8063b0
Symptoms,Slurred speech,dht_slurred_peech,"0,No;1,Yes;98, Don’t know;99, Prefer not to answer",RADx-DHT-global-code-book.csv,RADx-DHT,8b91ca87e5f491caeaea8585b029a206be8e523c5640e06ed7b3d6b6d96618f42f675151bae2ce79e252ef3477cb9b77c6c172d6edf47fb5243f5c34515ddb49
Symptoms,New confusion,dht_confusion,"0,No;1,Yes;98, Don’t know;99, Prefer not to answer",RADx-DHT-global-code-book.csv,RADx-DHT,2716f9a1d060d67ea0d6169d102522c3864438dd5b61d7037b602819c76389a822ba7d829ef23d933beaaf733bc0a9ff3fb6bb94f7c98f549f847bfd608cc6e2
Symptoms,Unusual shivering or shaking,dht_neuro_shakes,"0,No;1,Yes;98, Don’t know;99, Prefer not to answer",RADx-DHT-global-code-book.csv,RADx-DHT,771229bfb9947973b001c7abdd765961700ee6ae6537a9e0e2260c7bddf7426ba5879b18fabed190899fcc4d2f57293a7114a76aa43d91ab3d28d943dc975e39
Symptoms,Tingling or numbness or swelling of hands and feet,dht_numb_extremities,"0,No;1,Yes;98, Don’t know;99, Prefer not to answer",RADx-DHT-global-code-book.csv,RADx-DHT,30622489e7a32198da0168f54d30083e2e8c63f0c4672bf7d5fc516517f42f4b0ba19f83131553ad58fbcbe7105990e2bd678b7b03676f963d660ffd4c36f8a3
Symptoms,Excessive sweating,dht_sweating,"0,No;1,Yes;98, Don’t know;99, Prefer not to answer",RADx-DHT-global-code-book.csv,RADx-DHT,3de141e93291c3f907f100768921ed74cca6716f8b626f1021b083f10c6a3c222cdbbe5fb58e22e199b3b76436016c3e08a0c6556380cc29076fe0d676b58890
Symptoms,Seizures,dht_seizures,"0,No;1,Yes;98, Don’t know;99, Prefer not to answer",RADx-DHT-global-code-book.csv,RADx-DHT,dc3105164ae76103ef55be1dc7731564a6380fe34de4601c5a74ffba0f774c17dd702e860b480507866b5c0c68e0922907eed55008325e6457b1ecfb876b6081
Symptoms,Red or purple rash or lesions on toes,dht_rash_toes,"0,No;1,Yes;98, Don’t know;99, Prefer not to answer",RADx-DHT-global-code-book.csv,RADx-DHT,47a2205c13face7c7949d71810abf067de76117058a2357680fe498bea4f5cf60a3a51291bbfc343f073b87f80d3aa54ed6c63db27ce1d35868b4b10fcdd088b
Symptoms,Change in or loss of appetite,dht_appetite,"0,No;1,Yes;98, Don’t know;99, Prefer not to answer",RADx-DHT-global-code-book.csv,RADx-DHT,06ab41b7fad212cea068ba6631efcda881f68497793cfd9f6efce8437aad4163efe22ff04c61dffe901dac0054c0d974961fcb6bd4d25743e0253681aad1555f
Health Status,Self-report health status,dht_health_status,"1,Excellent;2,Very Good;3,Good;4,Fair;5,Poor;98,Don't know;99,Prefer not to state",RADx-DHT-global-code-book.csv,RADx-DHT,f4769d1f93dc2a8a29af2ed05d35d605e0037325bdede76be20c74e6ea7e55313c1d84ee7bfcdcc03c9ec31e2b54904e898fb05db977030328db4674b0dc81bf
Health Status,What is your height in inches?,dht_height,integer,RADx-DHT-global-code-book.csv,RADx-DHT,6b92a37e7796fc2228b8df8f42b80de0d940257b0af9225a06d2a21b305df6990ee167b829c349e51bb3e5da42694c1e5f120339e2e0c2a43b49eda6ff5bb0aa
Health Status,What is your weight in pounds?,dht_weight,integer,RADx-DHT-global-code-book.csv,RADx-DHT,bd312fb7924851057d98e5febd93bd40d56cff9a36353929d24d46015b2da49ee83e435a65a772ee23c4315d7e4621b8783a164c1e197ca1049223c67df847c7
Health Status Categorical,Approximately what is your height?,dht_height_category,"""1, 5'1"""" - 5'6""""; 2, 5'7""""-5'11""""; 3, 6' and over""",RADx-DHT-global-code-book.csv,RADx-DHT,3cba76a6996e3f0ff8e1c094e1bc5f7855317014e3eb8299829086cc9d135b555a5da691b001035e24298ad13f2ab9353de6e4dafefba177a07445543a45dce5
Health Status Categorical,Approximately what is your weight?,dht_weight_category,"""1, 100-150; 2, 151-200; 3, over 200 """,RADx-DHT-global-code-book.csv,RADx-DHT,6594da2ee00b6b903c433fe6f6513b79ac70f3c07755cbecc6e1ca04e20f5bcf01a6485a6aa5320ee0a2348b1f4a517d4b2a8459e49bb811c7f6cb11fcc4ec36
