variable_name,section_header,ui,label,value_constraints,field_note,units,CDE Reference,source_file,source_directory,Digest (variable_name|source_file|source_directory)
biorecognition_type,Technology Metadata,list,Type of molecular entity used for biosensor fabrication,aptamer | antibody | enzyme,Multiple entities can be specified as list if biosenor uses a combination of molecular entities,,RADx-rad DCC,Biorecognition_Element_Data_Element_Template_v000.csv,RADx-rad,d3e08bccbd371b18ea19cbfd834814b5b50e9c53c3f0a3d10fef22d35ee253fa8dcd258d64eb1df6f62d7d8a4ae651eaacb708a20d5279c5a1cbbb8e99008bf0
analyte_type,Technology Metadata,list,Type of analyte(s) or target(s) to be detected,antigen | genomic RNA | virus | antibody,example: virus,,RADx-rad DCC,Biorecognition_Element_Data_Element_Template_v000.csv,RADx-rad,c2219e8dcbcb6a96e8f5f3395e80bf5738ff41a17d9d91228f82e0a56c358a87f52d2d9887ff52a66ca697f5288cfe373b99f6a137dde013fbed7f2824577494
signal_detection,Technology Metadata,category,Type of signal generated by the methods or assay,amperometric | chemiluminescent | chromatographic | colorimetric | fluorogenic | impedimetric,example: amerometric,,RADx-rad DCC,Biorecognition_Element_Data_Element_Template_v000.csv,RADx-rad,b1cec37fbb513d48aa8ac14723e2378747241ae572beda72adfdf57228f742c4efb38fdb717b44d9d6cb1f9067be5360361602fffd84f98d750adfe44617f636
surface,Technology Metadata/Immobilization,text,Type of plate or electrode used in the methods or assay,,examples: polystyrene | gold electrode,,RADx-rad DCC,Biorecognition_Element_Data_Element_Template_v000.csv,RADx-rad,3660e4c41ce9107429814affb74348b370370cf229eff23c86f01c2a45f17ff35862c284cee04d2d8d6776b478ff59d1f0166a015953d6b6ae9e8da872322688
immobilization_reagent_name,Technology Metadata/Immobilization,text,Reagent used to immobilize a capture probe to a surface,,example: pyrrole,,RADx-rad DCC,Biorecognition_Element_Data_Element_Template_v000.csv,RADx-rad,c9aad5320cf958e2de66c16aae035325c826523d9405be10fff55f1cd0d011b567378c469df56b85ac4447dd0177873ee8f662dec7d6a15d8113eecba895df24
immobilization_reagent_id,Technology Metadata/Immobilization,text,Unique identifier or catalog number of immobilization reagent given by supplier,,example: W338605,,RADx-rad DCC,Biorecognition_Element_Data_Element_Template_v000.csv,RADx-rad,229db645a076d111996a987a431cbcf004b7fed549154e4ee82329f1bbcd3dc6c43dc033181b287a25d01e57be41cd25cc99f49b23f2ca131520c7e6ad8d44d8
immoblization_reagent_source,Technology Metadata/Immobilization,text,Supplier of reagent,,example: Sigma Aldrich,,RADx-rad DCC,Biorecognition_Element_Data_Element_Template_v000.csv,RADx-rad,86ab8f24cec0a69be2d9ba9e2f8b1f197bd8240cedaebc9b070f6bc2d691fa8bf9cfb3fc4207e6ab2f9e4a1ea4ce0d498beb8f1e71e613f6094c99700e6ac0c8
capture_aptamer_id,Technology Metadata/Aptamer,text,Unique name or identifier for aptamer,,example: SNAP1,,RADx-rad DCC,Biorecognition_Element_Data_Element_Template_v000.csv,RADx-rad,87def480647d5abf7db0ac210254975be93009412da64d2a2617254c97958e0f78eb8a280d705d03fd07346c78aa3a0d0a6c3cf1964bd41ef5101616b8b89d94
capture_aptamer_sequence,Technology Metadata/Aptamer,sequence,5' to 3' nucleic acid sequence,,"example: TCGCTCTTTCCGCTTCTTCGCGGTCATTGTGCATCCTGACTGACCCTA
AGGTGCGAACATCGCCCGCGTAAGTCCGTGTGTGCGAA",,RADx-rad DCC,Biorecognition_Element_Data_Element_Template_v000.csv,RADx-rad,8b7b9df2b780216eb0309a6c54f2f97a08a658c6753cd6494d76eda4b82945920c5cd701fc910c979d4027bbc0bc799b63885dbb901b695c2cf87d4f205012ff
capture_aptamer_modification_5prime,Technology Metadata/Aptamer,text,Name of modification attached to the 5' end. This may include a spacer modification.,,examples: FITC | biotin-iSp18,,RADx-rad DCC,Biorecognition_Element_Data_Element_Template_v000.csv,RADx-rad,0a03393784fb089a8488c7958cd8411cd8735cb5b0df021224d309a72f3d2c1627dbfc4f897b910da4d3d80638bea31289759d53de5515e5bc3c608a64ce23c5
capture_aptamer_modification_5prime_role,Technology Metadata/Aptamer,category,Role of the 5' modification,capturing | capturing + detection,,,RADx-rad DCC,Biorecognition_Element_Data_Element_Template_v000.csv,RADx-rad,f21e56e12bac8d7a1bae5760e4a0ace9f367a58cbce363c7b28c20f1781fb7c2a37a3d7e12cc6eb1713f07abdc7e8fb8454c4ec07f81244910a27763abd2c695
capture_aptamer_modification_3prime,Technology Metadata/Aptamer,text,Name of modification attached to the 5' end. This may include a spacer modification.,,,,RADx-rad DCC,Biorecognition_Element_Data_Element_Template_v000.csv,RADx-rad,267f3b65e1b9c46d3b3228428ffbf027224ae1fc959f6afbbd5600bc4ff88f694b27b5ddab60e7e6a19455579cf6b519eab510bfe532e490581e39885b2e4b6c
capture_aptamer_modification_3prime_role,Technology Metadata/Aptamer,category,Role of the 3' modification,capturing | capturing + detection,,,RADx-rad DCC,Biorecognition_Element_Data_Element_Template_v000.csv,RADx-rad,b6cf375cc86f2b762adf7a1390150acf25cdb0ba92278be36f4cdb4498c4c175de80a67745b9bfac5e68ede21740669466dc467e072b9d436b0343d10217f072
capture_aptamer_formulation,Technology Metadata/Aptamer,text,Formulation of aptamer,,,,RADx-rad DCC,Biorecognition_Element_Data_Element_Template_v000.csv,RADx-rad,586f1bb60eb975446636cc79e5a0a42ea8c0c0d0accbae9d413aa2fae02c159f6e2cb368c407e67d3326bc2aa2d813366598c0a9e7e8f49eb5ab3a8916d770aa
capture_aptamer_source,Technology Metadata/Aptamer,text,Supplier or instrument used for synthesis,,,,RADx-rad DCC,Biorecognition_Element_Data_Element_Template_v000.csv,RADx-rad,6fb2ff4e8f17df3b9709b1c92b6fbee989f5def1093b3459b8e4a19f1f270c3052650f3618cfa634fd8276c796769584fe1b2cde19b5b1300bd96ea1087a391e
capture_aptamer_source_url,Technology Metadata/Aptamer,url,URL of supplier catalog page or publication DOI link,,example: https://doi.org/10.1002/anie.202107730,,RADx-rad DCC,Biorecognition_Element_Data_Element_Template_v000.csv,RADx-rad,5e769df95cda9cf73635c419ec63b35ae30f39d4e8075f4bfb60e9c8d0a435e902bd377e74842c48038c9e700ff312513e4895e17e1d9b2abdbb4e75f1b2f33e
capture_aptamer_purity,Technology Metadata/Aptamer,float,Percent purity after purification,,,,RADx-rad DCC,Biorecognition_Element_Data_Element_Template_v000.csv,RADx-rad,72e92328f43281e07b822993aa01354d941e2ca36f1908be668168d76fb5df1adf45099a694e5472ea69cc02f42599d6e3a9985a52b4b25b38d9d93f7193afd7
capture_aptamer_target_organism_name,Technology Metadata/Aptamer,text,NCBI organism name,,example: SARS-CoV-2,,https://www.ncbi.nlm.nih.gov/taxonomy,Biorecognition_Element_Data_Element_Template_v000.csv,RADx-rad,2c86a2abc4305cacd47cbe55fb50ab69df99999ec18a730ab8d5eb23a20f8665dc27959ae191541e8a746e9bef35155483a728cbb517042d20fb6fcf1423e9c5
capture_aptamer_target_organims_taxonomy_id,Technology Metadata/Aptamer,text,NCBI taxonomy id for organism,,example: 2697049,,https://www.ncbi.nlm.nih.gov/taxonomy,Biorecognition_Element_Data_Element_Template_v000.csv,RADx-rad,f6b04683cac97b175c3723bb6cb64a3148c30beea6fd3a4a209ac117b8680f1232ca7010406749acd27f1f369c26b173961fb5887085cc072c294546cdc7567a
capture_aptamer_target_organism_subtype,Technology Metadata/Aptamer,text,Subtype of organism,,example: H1N1 (for influenza),,,Biorecognition_Element_Data_Element_Template_v000.csv,RADx-rad,2f745b03295e1eacbad8681a945131dc23e7bf1782ed984656a5317a0d2eaafb0a7485407e8745d7cb2b5cf5d6eb086c6678ffda8a3e781dc5aed6dafdf37303
capture_aptamer_target_protein_name,Technology Metadata/Aptamer,text,UniProt preferred protein name,,example: Spike glycoprotein,,https://www.uniprot.org/,Biorecognition_Element_Data_Element_Template_v000.csv,RADx-rad,77751ede080845c81127ba84cf59bac37d3f31ebc3a0a1fa702902696a7f9ea6a2920b21854506ca4abfa2169712ca657d39e712354b7a809bc9f0c48b6108f3
capture_aptamer_target_protein_id,Technology Metadata/Aptamer,text,UniProt accession number,,example: P0DTC2,,https://www.uniprot.org/,Biorecognition_Element_Data_Element_Template_v000.csv,RADx-rad,b7f4e5d6fb27f6755b2850595537f20e42d988bc6a5c3c96bd96b34b49471fc193e5a5e480b5b9b8aadbb005f8ce8d134253ea2fd513fd6fc8166f5b8a56e378
capture_aptamer_target_protein_sequence,Technology Metadata/Aptamer,sequence,Protein sequence (if not available in UniProt),,,,RADx-rad DCC,Biorecognition_Element_Data_Element_Template_v000.csv,RADx-rad,74db97e1461277ca8bcee64c80a940343af068ac2b4a006b9f22aefedc14a6f34da3c3973f2adc780b7c62b99e7d8298685a4d612d85eb26c788d5a3f4c9e7b7
capture_aptamer_target_protein_region,Technology Metadata/Aptamer,text,Domain or subunit name,,example: Receptor Binding Domain,,RADx-rad DCC,Biorecognition_Element_Data_Element_Template_v000.csv,RADx-rad,1aefeed9ff8e38193c434e9ece99171a92296e85874ac300cee32f98b047da8d6b0f8f096a873e0251ce5764777fb6384715c607900f1816cc180f602986a677
capture_aptamer_kd,Technology Metadata/Aptamer,float,Dissociation constant of aptamer with target,,,nm,RADx-rad DCC,Biorecognition_Element_Data_Element_Template_v000.csv,RADx-rad,ccb9d0d4c25cb754a6083707ce6c203b1958ac8adb0ab50342ca02494e7d60d23874c35a1e6957d6eb2adf9c3675896f3f5035d49da11605f4513878d0ae7f05
capture_aptamer_kon,Technology Metadata/Aptamer,float,On rate of aptamer with target,,,,RADx-rad DCC,Biorecognition_Element_Data_Element_Template_v000.csv,RADx-rad,3713fd6145bf2e6f5fe32cf45ecfc506c85342eb0b8e1cfb87dbd6ac456df9b04955b599d6ff4786322a0f5b01ab2fcacfc1ef2d74ada7689eedbe8252861dbc
capture_aptamer_koff,Technology Metadata/Aptamer,float,Off rate of aptamer with target,,,,RADx-rad DCC,Biorecognition_Element_Data_Element_Template_v000.csv,RADx-rad,90df81df539c6294d55f0b18c9b38066a64027751cecef7fdae68cbbab81c46d447eec7f18a241905ac8650d6c78ea034f4eb1a81e0bab523cf29a3cb91a012f
capture_aptamer_kd_method,Technology Metadata/Aptamer,text,Method for ascertaining aptamer Kd,,,,RADx-rad DCC,Biorecognition_Element_Data_Element_Template_v000.csv,RADx-rad,0aeea9fde5cafd18954aa9dcd34f39eb385104fcbee1e9aa360a65f2dcaa4b7a25fb752d33daad84c31a1bb02c268af85e6b19c9edb0db6be8fca2b724a3ad70
detector_aptamer_id,Technology Metadata/Aptamer,text,Unique name or identifier for aptamer,,example: SNAP1,,RADx-rad DCC,Biorecognition_Element_Data_Element_Template_v000.csv,RADx-rad,f6af8b800d408a9a20dd289dd70aff7c8d3ef5a0c84fa84e4476fcad51a981f23374ef8d923ae9faca1f2e89d3aea1b7cd1dae20189b50776ccda2359ae40876
detector_aptamer_sequence,Technology Metadata/Aptamer,sequence,5' to 3' nucleic acid sequence,,"example: TCGCTCTTTCCGCTTCTTCGCGGTCATTGTGCATCCTGACTGACCCTA
AGGTGCGAACATCGCCCGCGTAAGTCCGTGTGTGCGAA",,RADx-rad DCC,Biorecognition_Element_Data_Element_Template_v000.csv,RADx-rad,876646e60bab19964d5a5e2178a648beee1f7c30712a0c224f588c75ea7ed0481a1e60c8bac758fa6a85ae4e84bbc37fb1f48f69f73554c48d70056dca0c1239
detector_aptamer_modification_5prime,Technology Metadata/Aptamer,text,Name of modification attached to the 5' end. This may include a spacer modification.,,examples: FITC | biotin-iSp18,,RADx-rad DCC,Biorecognition_Element_Data_Element_Template_v000.csv,RADx-rad,7dcb1c9fc8deddcd5479b149a8e25ce8ea7f45cfce1b6977ecd42b07f226495d5a768785e1ee90b617dc677976e51b3747c7b4c46c5e3bd900082c0b118b2d03
detector_aptamer_modification_5prime_role,Technology Metadata/Aptamer,category,Role of the 5' modification,imaging,,,RADx-rad DCC,Biorecognition_Element_Data_Element_Template_v000.csv,RADx-rad,708bee4d821127e75c481999fd798f9ca2e3790e0363e1951003383a5d5763de4d0212dfbb91c83b0aaed426f8f080dd9e280d8ac9299359342f0ce931705c3c
detector_aptamer_modification_3prime,Technology Metadata/Aptamer,text,Name of modification attached to the 5' end. This may include a spacer modification.,,,,RADx-rad DCC,Biorecognition_Element_Data_Element_Template_v000.csv,RADx-rad,7abc90a685103e7746210e7a4a8eb4483fae0277c40253662b6a7334625c98e409dba654c78909b6857037d83f7e6da65276cbbb55fb355f8d87ce1a3bf40fa2
detector_aptamer_modification_3prime_role,Technology Metadata/Aptamer,category,Role of the 3' modification,imaging,,,RADx-rad DCC,Biorecognition_Element_Data_Element_Template_v000.csv,RADx-rad,c7bba92cab94d9f6b711025c8a9a5e2e1b2d1ecb14ad5a307fbff5410fe8f57624c19db973aecf2b2aafde2dfa4198a7c77d56962eb7034f3be85e51de0e8294
detector_aptamer_formulation,Technology Metadata/Aptamer,text,Formulation of aptamer,,example: powder,,RADx-rad DCC,Biorecognition_Element_Data_Element_Template_v000.csv,RADx-rad,5b31993e5cb11ea55707d040dffecbe94c6041cbcd3100ed40eb350c2a21d8df7e2fd683c1c700a6e22ed2dad2646593ab2700973c34b638583ffb90f3c0c22a
detector_aptamer_source,Technology Metadata/Aptamer,text,Supplier or instrument used for synthesis,,,,RADx-rad DCC,Biorecognition_Element_Data_Element_Template_v000.csv,RADx-rad,1d2a3854234022d9ad0af98d7c55f7914062942acf6782286a3b7029a12a7c5e31ba424fb9525470cc2e17b81f126e8e2fbe266f1ddefefd436286186851e930
detector_aptamer_source_url,Technology Metadata/Aptamer,url,URL of supplier catalog page or publication DOI link,,example: https://doi.org/10.1002/anie.202107730,,RADx-rad DCC,Biorecognition_Element_Data_Element_Template_v000.csv,RADx-rad,7087426fbbffd8bbcc4a7204df4113d002205e53cdf993876d3cf8fcd1d763e38331c94d3b42679d1b355a15510a1c3e8a3bddb12d68d0a1d5ee5344446f5d65
detector_aptamer_purity,Technology Metadata/Aptamer,float,Percent purity after purification,,,,RADx-rad DCC,Biorecognition_Element_Data_Element_Template_v000.csv,RADx-rad,788356b0a11c63a2b7834d3ed7b494b60c571fbf807358721e271cab379e2cab9b2f585c8b5b7259bf0d3d10083366c3f09c13d73ecb2e35ca9768b806253f4a
detector_aptamer_target_organism_name,Technology Metadata/Aptamer,text,NCBI organism name,,example: SARS-CoV-2,,https://www.ncbi.nlm.nih.gov/taxonomy,Biorecognition_Element_Data_Element_Template_v000.csv,RADx-rad,bfcfbfc974626facf4222d0c961cc8510daf0cc0149af3a5418658462804abf92d9b52cac3a9f9355f6ac3f6bfc1078875a9610101b3a46951166781807f5f5a
detector_aptamer_target_organims_taxonomy_id,Technology Metadata/Aptamer,text,NCBI taxonomy id for organism,,example: 2697049,,https://www.ncbi.nlm.nih.gov/taxonomy,Biorecognition_Element_Data_Element_Template_v000.csv,RADx-rad,c74e6e40e1711736ca49a7512773a74f3d8dd246ad725f04e87f909d3ef35e9dd1102f21586f68052b247e498d6a40eb3bd10827cdda5cf864ae897a217fbf4e
detector_aptamer_target_organism_subtype,Technology Metadata/Aptamer,text,Subtype of organism,,example: H1N1 (for influenza),,,Biorecognition_Element_Data_Element_Template_v000.csv,RADx-rad,79da95bf6a9f93fbd80e381cd69783273021831dfa2052b0efe8c8973c7dfdce5bb55e8c8b7d21d25e186d2f5ce83d6d9676e1893b1f28ef4a9f03908d19b5fa
detector_aptamer_target_protein_name,Technology Metadata/Aptamer,text,UniProt preferred protein name,,example: Spike glycoprotein,,https://www.uniprot.org/,Biorecognition_Element_Data_Element_Template_v000.csv,RADx-rad,3a915c621fd7250df693d0f6e87fd2035467257293c18853b6e9850bd02ccd6c9d0daf7649040b031a51c20386132cfb50072f99cc5d3fb9d9840c297f28c05b
detector_aptamer_target_protein_id,Technology Metadata/Aptamer,text,UniProt accession number,,example: P0DTC2,,https://www.uniprot.org/,Biorecognition_Element_Data_Element_Template_v000.csv,RADx-rad,2ae732f247360584f6f3fa9a481adb677c80a19edb408ba188b401eca8418cb17a1b3dcfd21f60fc7506737b10c0f4dc9ba4a2fd5dc50e309e8cd3c52984ef64
detector_aptamer_target_protein_sequence,Technology Metadata/Aptamer,sequence,Protein sequence (if not available in UniProt),,,,RADx-rad DCC,Biorecognition_Element_Data_Element_Template_v000.csv,RADx-rad,464e3c4086fde91dabc24ea60b2dc53341b66c365d15afba4a4d7c897e46ac740edcec3d8e6a5bcb875cf34740e78070b4965cbf4fe16aa0073e57461ccfc4fc
detector_aptamer_target_protein_region,Technology Metadata/Aptamer,text,Domain or subunit name,,example: Receptor Binding Domain,,RADx-rad DCC,Biorecognition_Element_Data_Element_Template_v000.csv,RADx-rad,c5b66a8718023bd47e113dbd0828c67391f81a004a57e089ba0b4bb20376400bdff325a18b50fb485f40a8395f1c444a0d4bb6fb370726697188406f148451cf
detector_aptamer_kd,Technology Metadata/Aptamer,float,Dissociation constant of aptamer with target,,,nm,RADx-rad DCC,Biorecognition_Element_Data_Element_Template_v000.csv,RADx-rad,d136f573651bc00733d44dd0244ff5549efddfd957f3c209ba0dd60fefc1dc1ec4ed9d435fa6747e3b20f1fc0e7788a83c083f8ee86456c80aa5335cb665b076
detector_aptamer_kon,Technology Metadata/Aptamer,float,On rate of aptamer with target,,,,RADx-rad DCC,Biorecognition_Element_Data_Element_Template_v000.csv,RADx-rad,575a6a0f45fe8b758fae7bde30ae91d595dfd70e891a317f4513b88e9f3fbe9faae320b27ee5251c3a74fc865cc56291682e6c6b9c0f51916ef2ec23c9664818
detector_aptamer_koff,Technology Metadata/Aptamer,float,Off rate of aptamer with target,,,,RADx-rad DCC,Biorecognition_Element_Data_Element_Template_v000.csv,RADx-rad,aba991055a52173cc0d79dd7637e21f96bbca97d49272b722f5ab2539b219b434e8ca21a34ea70621e8ae90064886679f48d859c3d37ae1f420ae1e3a76cd0da
detector_aptamer_kd_method,Technology Metadata/Aptamer,text,Method for ascertaining aptamer Kd,,,,RADx-rad DCC,Biorecognition_Element_Data_Element_Template_v000.csv,RADx-rad,792a1ca55901c26d9847f279d1c65e7f96bd6984e2d256e8b30e332effb995b3ee5dbd0bc9fb0c27a38104ab3b089b5d3ab361a7a24d7dfa7f5f39b87199a8f2
antibody data elements - work in progress,Technology Metadata/Aptamer,,,,,,RADx-rad DCC,Biorecognition_Element_Data_Element_Template_v000.csv,RADx-rad,6a1d62e6ccf7b219e25cd508425ccfc370876cf35f30667344007e3e451b1b4f0d68717eb488f1845590a60c9c3dfedf29965367124c0ba5ed96eae702c70e44
capture_antibody_id,Technology Metadata/Antibody,text,Unique identifier or catalog number of antibody given by supplier,,,,RADx-rad DCC,Biorecognition_Element_Data_Element_Template_v000.csv,RADx-rad,648caabb6c51a8628b290dc9d12ac75657cc61cfb26a0cc9588124da008ee59b15d96fac196432c58ad535cd6c8c6927f058c508d9f7c0ccd49813daf92c7b0f
capture_antibody_name,Technology Metadata/Antibody,text,Name of the capture antibody,,,,RADx-rad DCC,Biorecognition_Element_Data_Element_Template_v000.csv,RADx-rad,46a50bdbad7d6f90ffd6ceb9c446513a1e1506ad27991369033c4e459d12b3d36a3c400e25468decc7969de4a6ab02b01fd36d508fb492b3d2f7ca9f5d311d93
capture_antibody_clonality,Technology Metadata/Antibody,category,Clonal state of the antibody,monoclonal | polyclonal,,,RADx-rad DCC,Biorecognition_Element_Data_Element_Template_v000.csv,RADx-rad,8683df1aa452d92360caf2f82870c02c0c48db556a0e3f22aa1620e27eb767284305990723d75960deb2fde7f0995f59b609a42b6c9c9b985ed330f1385a7059
capture_antibody_clone,Technology Metadata/Antibody,text,Name of the antibody clone,,,,RADx-rad DCC,Biorecognition_Element_Data_Element_Template_v000.csv,RADx-rad,9aaeecc2a81db28dba3385ae975ced83d19067be08aafbf2b0858ca3fafb62b8b4c85861f44b90ac7ede8bfb1f63362afcf9da4a9de304c8e3c10a86a1143e93
capture_antibody_modification,Technology Metadata/Antibody,text,Name of modification attached to the antibody,,,,RADx-rad DCC,Biorecognition_Element_Data_Element_Template_v000.csv,RADx-rad,de23bddb0f69b396ce09ec4fb749df755be660e17db921d9c1dffb3ffe189e04a1e23ea264085923630c9f646cf6ae1a5d782d87af5693779e18c7e4531cc700
capture_antibody_modification_role,Technology Metadata/Antibody,category,Role of the modification,capturing | capturing + detection,,,RADx-rad DCC,Biorecognition_Element_Data_Element_Template_v000.csv,RADx-rad,abb64417e93491ea2338d5479d0bb9f57eba34a560daead98fe2e4849c343f9657ab3ff6200cc4c239991d817392a526c502aaf9eb771fa53fb3362cf5988234
capture_antibody_expression_system,Technology Metadata/Antibody,category,Expression system used to express antibody,human-recombinant-baculovirus | human-recombinant-E.coli | human-recombinant-yeast| human-recombinant-mamalian,,,RADx-rad DCC,Biorecognition_Element_Data_Element_Template_v000.csv,RADx-rad,1b16bc201b002e600d8580eae7d8116092b80929c1464c5f517ee6df4639bde80e65849a46422aa62d156ed22a1498fd3edfe23e054247ef551b9829e83d37cd
capture_antibody_formulation,Technology Metadata/Antibody,text,Formulation of antibody,,,,RADx-rad DCC,Biorecognition_Element_Data_Element_Template_v000.csv,RADx-rad,c52992b905479717e64157343bcb6743fc05c1052669c876b12521668f2d2cda804173561781a81db92fb3c0eba4a5c4b12db37e8d288eab8de5e998b105526e
capture_antibody_source,Technology Metadata/Antibody,text,Supplier of the antibody or antibody conjugate or publication DOI link,,,,RADx-rad DCC,Biorecognition_Element_Data_Element_Template_v000.csv,RADx-rad,126114a67df0064792a4c2dc4b85374b41bba00a24f46176bfc66282fcb0fbc23e65df2c99a26a01467a2c1107fe8d0e9ef72eeca316760a9f0accc352f47876
capture_antibody_source_url,Technology Metadata/Antibody,url,URL of supplier catalog page or publication DOI link,,example: https://doi.org/10.1002/anie.202107730,,RADx-rad DCC,Biorecognition_Element_Data_Element_Template_v000.csv,RADx-rad,4f80292b38907bd9216c5b27e97834f2cc0e5ab060661f760a4d9e472bcd49a54cae8523185967beb2b7b1bec44a5475021100ce40bac616897756a6e93bbea4
capture_antigen_id,Technology Metadata/Antigen,text,"Protein Sequence Database id, e.g., UniProt accession number or NCBI GenPept id",,examples: QHD43416.1,,https://www.uniprot.org/ | https://www.ncbi.nlm.nih.gov/protein,Biorecognition_Element_Data_Element_Template_v000.csv,RADx-rad,b8f7ecd1f5eb7a5b0982617bbcda58d6b50c14adbe5bf86ce268a393facf7f8fdab8e8ce09397b5e30237b1c06df9b107f43186c5f5d5b8a8123304d6817c736
capture_antigen_name,Technology Metadata/Antigen,text,UniProt preferred protein name,,example: Spike glycoprotein,,RADx-rad DCC,Biorecognition_Element_Data_Element_Template_v000.csv,RADx-rad,ef58d4fd9780ab61392e4c9b6054865cdc504915355fe9860550456fa0123b3e2fb310cf5995eaf7ef545395dbbd0be2df8b74b5b1337be1f4c184a4230c97ec
capture_antigen_region,Technology Metadata/Antigen,text,Domain or subunit name,,example: Receptor Binding Domain,,RADx-rad DCC,Biorecognition_Element_Data_Element_Template_v000.csv,RADx-rad,c9fc903f94f0c239cdce041459e04b6029871a9b35d4f74c480d77acd4f05613e49f44f0d391918b9baa29e0b8099e49f0c4f326a6b35c494fbcf3601fc88351
capture_antigen_region_start,Technology Metadata/Antigen,integer,Start residue number of region,,example: 319,,RADx-rad DCC,Biorecognition_Element_Data_Element_Template_v000.csv,RADx-rad,b429c16ac95c1b6dbf7988775ddc892425a092ae4bc3bd00a6fb5451662216513fe5e919ec9b4588978995370713f74e2a75d714f5cc931723e7d99a34667934
capture_antigen_region_end,Technology Metadata/Antigen,integer,End residue number of region,,example: 591,,RADx-rad DCC,Biorecognition_Element_Data_Element_Template_v000.csv,RADx-rad,8ea78467567f3795ad0df448b6a3b221a7b8946bdd82c9214621c85b78088147503497383886171caac371730fa00d2e0283fbd4dc75831c3e0df79f8a6068aa
capture_antigen_modification,Technology Metadata/Antigen,text,Name of modification attached to the antigen,,example: HIS; AVI,,RADx-rad DCC,Biorecognition_Element_Data_Element_Template_v000.csv,RADx-rad,ee404c91253684b97f6fba965280520ec16fdb087ca1dce2572e94c6828f325c268084344add3fffac38886ef8b60e30b8cd38f3fcd5653196c15eeb1bf11ca2
capture_antigen_expression_system,Technology Metadata/Antigen,category,System used to express protein,,,,RADx-rad DCC,Biorecognition_Element_Data_Element_Template_v000.csv,RADx-rad,f053287e7190904210d7e1104d57d5112aa31fd8c38abf07166ffc50a46a22f51af64309dbb587c1f8053494c649cfcdae6696820a087a56e720f2ee49407f00
capture_antigen_source,Technology Metadata/Antigen,text,Supplier of antigen or publication,,GenScript,,RADx-rad DCC,Biorecognition_Element_Data_Element_Template_v000.csv,RADx-rad,f91679f4cde56f89eeed592ef54eaef75342b47728e368b2026bc57e3f7e66428a76373abafda605efa4b6904a6c6fb43057c397850917e8216b923ecc3c5473
capture_antigen_source_url,Technology Metadata/Antigen,url,URL of supplier catalog page or publication DOI link,,example: https://www.genscript.com/protein/Z03483-SARS_CoV_2_Spike_protein_RBD_His_Tag_.html,,RADx-rad DCC,Biorecognition_Element_Data_Element_Template_v000.csv,RADx-rad,cf0391a2db5a4d029592b5ffc3c9ab664f033fe7a9688632f82ccdcbe99f5879be890fafe1be43124a9625e8012ceb1f1e42ab67f2b856b27be5dcfd7a626db3
capture_receptor_id,Technology Metadata/Receptor,text,"Protein Sequence Database id, e.g., UniProt accession number or NCBI GenPept id",,examples: Q9BYF1,,https://www.uniprot.org/ | https://www.ncbi.nlm.nih.gov/protein,Biorecognition_Element_Data_Element_Template_v000.csv,RADx-rad,a0756a4a99e7ad73a3d3dfca696db5e0a8faa8ffc35e52da3b3868486dfc5558d4172aa47c3a51a3db494482cc71afc5172ff3da982fbb50e8ad0f882df1bcbc
capture_receptor_name,Technology Metadata/Receptor,text,UniProt preferred protein name,,example: Angiotensin-converting enzyme 2,,RADx-rad DCC,Biorecognition_Element_Data_Element_Template_v000.csv,RADx-rad,e3f75b420ab73a6b14af67f1ef829651e57eec1ff5d608b897b37c119045826fa6c942190b9cc2ce058759ce92ac82c81e4e08408fc9bf1f9a4af44cbd8d663d
capture_receptor_sequence,Technology Metadata/Receptor,sequence,Amino acid or (nucleic acid sequence?) of the receptor,,,,,Biorecognition_Element_Data_Element_Template_v000.csv,RADx-rad,308f3b0aadce97be61bba063b417b6bd17ebcc360cc28d7c41631e8b39813a94b1b58b69e48c498d37b99a704ff227e0727bb17810aa3917db8fa33bc466ee40
capture_receptor_region,Technology Metadata/Receptor,text,Domain or subunit name,,example:,,RADx-rad DCC,Biorecognition_Element_Data_Element_Template_v000.csv,RADx-rad,5095151a0a211fcf44939785c5e7c6d30cc38e7eec4aafc99f9bdbfa8e8b54b2da6287c036bdc93e6602c0ff2d10675b57a91efafed3b5eb0a60b4b5fa9f1046
capture_receptor_region_start,Technology Metadata/Receptor,integer,Start residue of region,,example: 18,,RADx-rad DCC,Biorecognition_Element_Data_Element_Template_v000.csv,RADx-rad,73b55d4ce02ff3804d017d70ffd477951ab5ba8a3dea2ab44566150a19a6b954b11e9d54c3c22086bd41a3a3cb85227486d9703bf0ade84ac670cc963f643911
capture_receptor_region_end,Technology Metadata/Receptor,integer,End residue of region,,example: 611,,RADx-rad DCC,Biorecognition_Element_Data_Element_Template_v000.csv,RADx-rad,1dd0869c9f6f263f23887d6fa4a4f56e4f486dcf6b2d3e0e8bc4d3b03c6450014224dcb5b0be1fb32d481f31a00c9c24a67bb17aa94b47cf7dc7ea306ca184ac
capture_receptor_modification,Technology Metadata/Receptor,list,Name of modification attached to the receptor,,example: Biotin|HIS C-terminal,,RADx-rad DCC,Biorecognition_Element_Data_Element_Template_v000.csv,RADx-rad,8701c3c15944309b82db3fd0b88623009cabe083678dd7383d3ee1d279a5427c23b11d8e4acf16b15203937bda017ff6585ae5b8a7c584abdb021a4a44368bde
capture_receptor_expression_system,Technology Metadata/Receptor,category,System used to express protein,human-recombinant-baculovirus | human-recombinant-E.coli | human-recombinant-yeast| human-recombinant-mamalian,example: human-recombinant-mamalian,,RADx-rad DCC,Biorecognition_Element_Data_Element_Template_v000.csv,RADx-rad,9d6e9bfd0808c7bdfc9b4a1d3da41c5ac9236e7f864bbb59cbd16402322ec5dea893e06bf1c22090524993d98c6c27c8d716b2bf208311ef87bb54ad98470adc
capture_receptor_formulation,Technology Metadata/Receptor,text,Formulation of receptor,,"example: pH: 7.4, constituents: 0.001% Zinc chloride, 0.32% Tris HCl, 10% Glycerol, 0.88% Sodium chloride",,,Biorecognition_Element_Data_Element_Template_v000.csv,RADx-rad,98267e41d467fcf73c9d4760ea7bf15d2a19a7b84d3644f0c78644dd2593611ab58e9b226dd1f8aaf91d9af7120f6b6288711b9776e232335dda3788356c5489
capture_receptor_source,Technology Metadata/Receptor,text,Supplier of antigen or publication,,example: abcam,,RADx-rad DCC,Biorecognition_Element_Data_Element_Template_v000.csv,RADx-rad,4b42d67a3e3748995becef6e4e6000fd704186bf4799d029cb4ee49f83fda04d45cb4df44a29d9676e2213a342183b10719d8d5391c2abcb5a81e3ebb710d0d5
capture_receptor_source_id,Technology Metadata/Receptor,text,Unique identifier or catalog number of receptor given by supplier,,example: ab151852,,,Biorecognition_Element_Data_Element_Template_v000.csv,RADx-rad,ee64d87981bd4440519ba8ea94c28d02df2c8826876996af901488dc80a8f52d7b651feeba9081e6308e30640130f40749c3d6768ca756fa44a0bff04b67a9da
capture_receptor_source_name,Technology Metadata/Receptor,text,Name of receptor given by supplier,,example: Recombinant Human ACE2 protein,,,Biorecognition_Element_Data_Element_Template_v000.csv,RADx-rad,e0b83a765bdb0e58cec13d2fb40b5358415e1cf630aaf2c30f921ab5575bcc5ce2fa2071fca2121f53e4e8b50d728d1847fde13a3d44a423dbca69a03db4ae5a
capture_receptor_source_url,Technology Metadata/Antigen,url,URL of supplier catalog page or publication DOI link,,example: https://www.abcam.com/recombinant-human-ace2-protein-ab151852.html,,RADx-rad DCC,Biorecognition_Element_Data_Element_Template_v000.csv,RADx-rad,d7272b14be20222128428d8267f33294382ce7e735d1345b4808a8d810b3ca909caf1caea52357438be3d764fcc502e885e799975c5e9d7e42c9555d5419b091
reporter_id,Technology Metadata/Probe,text,Unique identifier or catalog number of reporter given by supplier,,,,RADx-rad DCC,Biorecognition_Element_Data_Element_Template_v000.csv,RADx-rad,b9fe65ee4ca2a29cadb4f4c7596386cf75254c53705b6da072c4d929520ac7ff874c63480261bb1715a0fcfe98d6f2a651eb40e91f21a11bc6df704da028beb3
reporter_name,Technology Metadata/Probe,text,"Name of the reporter (e.g., linked-enzyme antibody or non-enzymatic reporter molecule)",,example: Streptavidin-HRP,,RADx-rad DCC,Biorecognition_Element_Data_Element_Template_v000.csv,RADx-rad,3b778537ae1e678e21e8700e1447fda61d41c93074019b57facf1343b1d419fb2979deece0dfbaf999179576caf023d88f5e2e5a9cc05eb5e93c0648c6e41396
reporter_source,Technology Metadata/Probe,text,Supplier of the reporter,,,,RADx-rad DCC,Biorecognition_Element_Data_Element_Template_v000.csv,RADx-rad,2b2cba4d6227fcd6c99feef894152285b061d698506ab6ed521e7f08b271e0c1316310bbb5ff156eca4e366f197949d4898ae5e81384b5b7e5c426831e68ec6b
reporter_source_url,Technology Metadata/Probe,url,URL of supplier catalog page or publication DOI link,,,,RADx-rad DCC,Biorecognition_Element_Data_Element_Template_v000.csv,RADx-rad,48de2feb873ba0d43472a07a6fbc0959c458de13f6f4523afa047ea770d14c2099afa371d95474b537712a90e9d19c2b5a432497557256e58c14e282b49620e1
substrate_id,Technology Metadata/Probe,text,"Unique identifeir, common short label, or acronym of the substrate",,example: TMB,,RADx-rad DCC,Biorecognition_Element_Data_Element_Template_v000.csv,RADx-rad,0161fc43831c9aa5a25e60092a64064a503eed376bfe210b42f94b19ccb4ce502ef1e72eb52601c68f1f084ed4e6fb74922e9754e8c43a51686262817f50f55d
substrate_name,Technology Metadata/Probe,text,Name of the substrate,,"example: 3,3′,5,5′-Tetramethyl[1,1′-biphenyl]-4,4′-diamine",,RADx-rad DCC,Biorecognition_Element_Data_Element_Template_v000.csv,RADx-rad,21cb222390a0b56b7772cdbf75b8aeb7806e3164a2b2f617fdbf3d719c413dc0e87741a8636ad612048b3385a5eab38b647b8a7b57cf2d968efe501958b66584
substrate_inchi_key,Technology Metadata/Probe,text,InChI Key of the substrate,,example: UAIUNKRWKOVEES-UHFFFAOYSA-N,,https://iupac.org/who-we-are/divisions/division-details/inchi/,Biorecognition_Element_Data_Element_Template_v000.csv,RADx-rad,8addc181256d7d2eab177453a6f6e175247bb2444a12fdf85c6c8e3a96b3e1cdb73c6737694eee409b0e1aa608ea24f0e6709aa63055412b7df3134c20725a5a
substrate_source,Technology Metadata/Probe,text,Unique identifier or catalog number of reporter given by supplier,,,,RADx-rad DCC,Biorecognition_Element_Data_Element_Template_v000.csv,RADx-rad,b1b607b5ed44cdfb8d647a0a1f18623e633050bb15d6f9f60265c863d735250b7c6cce031d73d61d0160213c6f325c97788ce5122cfe7006c47c01b747961026
substrate_source_url,Technology Metadata/Probe,url,URL of supplier catalog page or publication DOI link,,,,RADx-rad DCC,Biorecognition_Element_Data_Element_Template_v000.csv,RADx-rad,efa211e498096ab938687a13c8f64ccc069a3fe8f2da925f1e1776c014b6909832c4b782058a5e9e0baf8fa5bbd1c209d778e0f7a44908dfa21d850a2d9e321c
